job_title,job_description,required_skills
Data Scientist,"We are looking for a Data Scientist who can build and deploy machine learning models. You will work with large datasets using Python, pandas, and numpy. You must have strong SQL skills for data extraction and statistics knowledge for analysis. Experience with scikit-learn for model building is required. TensorFlow or PyTorch for deep learning is a plus. You will create visualizations using matplotlib and seaborn. A/B testing and hypothesis testing experience expected. Strong communication and storytelling skills are necessary to present findings.","Python, SQL, Pandas, NumPy, Scikit-learn, Statistics, Machine Learning, TensorFlow, Matplotlib, Seaborn, A/B Testing, Communication, Storytelling"
Senior Data Scientist,"Senior Data Scientist role requiring expertise in machine learning and deep learning. Must have advanced Python and SQL skills. Experience with cloud platforms such as AWS or GCP is required. Big data experience with Spark is preferred. Build predictive and classification models using PyTorch or TensorFlow. Strong background in statistics and probability. Conduct A/B testing and hypothesis testing to validate models. NLP experience is a plus.","Python, SQL, Machine Learning, Deep Learning, AWS, Spark, Statistics, PyTorch, TensorFlow, A/B Testing, Probability, NLP, Classification"
Data Scientist - NLP Focus,"We are seeking a Data Scientist with a focus on Natural Language Processing. You will build text classification and clustering models using Python. Must be familiar with NLTK, SpaCy, and Hugging Face transformers. Scikit-learn for model training. SQL for data extraction. Strong understanding of deep learning and neural networks. Experience with regression and feature engineering is essential.","Python, NLP, NLTK, SpaCy, Hugging Face, Scikit-learn, SQL, Deep Learning, Neural Networks, Classification, Clustering, Regression, Feature Engineering"
Machine Learning Engineer,"Looking for an ML Engineer to build and deploy machine learning systems at scale. Strong Python programming is required. Proficiency with TensorFlow and PyTorch. Experience with Docker and Kubernetes for containerization and deployment. MLflow for experiment tracking. AWS or Azure cloud services. Git for version control and collaboration. Apache Spark for large-scale data pipelines. Scikit-learn for baseline modeling.","Python, TensorFlow, PyTorch, Scikit-learn, Docker, Kubernetes, MLflow, AWS, Git, Spark, Model Deployment"
Machine Learning Engineer - Computer Vision,"ML Engineer specializing in computer vision. Must have hands-on experience with PyTorch and OpenCV. Deep learning knowledge including CNN architectures and transfer learning is required. Python proficiency required. Docker for containerization. AWS for deployment. Git for collaboration. Understanding of feature engineering and model evaluation.","Python, PyTorch, OpenCV, Deep Learning, Computer Vision, Docker, AWS, Transfer Learning, Git, Feature Engineering"
Machine Learning Engineer - Production,"Production-focused ML Engineer to maintain and scale machine learning pipelines. Python and SQL required. MLflow and Airflow for orchestration and experiment tracking. Docker and Kubernetes for production deployment. AWS cloud services. Git workflow expertise. XGBoost and LightGBM for gradient boosting models. Kafka for real-time data streaming. Scikit-learn for modeling.","Python, SQL, MLflow, Airflow, Docker, Kubernetes, AWS, Git, Scikit-learn, XGBoost, LightGBM, Kafka"
AI Engineer,"AI Engineer to design and build intelligent AI-powered applications. Strong Python skills required. Experience with TensorFlow, PyTorch, and Hugging Face transformer models. Background in NLP and computer vision. Docker for packaging applications. AWS or GCP for cloud deployment. Deep learning and neural networks expertise required. Git for version control.","Python, TensorFlow, PyTorch, Hugging Face, NLP, Computer Vision, Docker, AWS, Deep Learning, Neural Networks, Git"
AI Research Engineer,"AI Research Engineer to advance cutting-edge models. Deep expertise in deep learning, NLP, and computer vision required. Proficient in PyTorch and TensorFlow. Python and C++ programming skills. Experience with reinforcement learning preferred. Strong mathematical background including linear algebra, calculus, and probability. Transfer learning and feature engineering experience a plus.","Python, PyTorch, TensorFlow, Deep Learning, NLP, Computer Vision, C++, Reinforcement Learning, Linear Algebra, Calculus, Probability, Transfer Learning"
AI Engineer - Conversational AI,"Build conversational AI systems and intelligent chatbots. Python required. Experience with NLP, Hugging Face transformers, NLTK, and SpaCy. Deep learning expertise for language model fine-tuning. Docker for containerizing services. AWS or Azure for cloud hosting. Understanding of neural networks and language models. SQL for managing conversation data.","Python, NLP, Hugging Face, NLTK, SpaCy, Deep Learning, Docker, AWS, Neural Networks, SQL"
AI Engineer - MLOps Focus,"AI Engineer with MLOps expertise. Responsible for deploying and monitoring AI models in production. Python required. Experience with Docker, Kubernetes, and MLflow. Airflow for pipeline automation. AWS cloud services for infrastructure. Git for source control. Understanding of machine learning and deep learning workflows. Kafka for streaming data ingestion.","Python, Docker, Kubernetes, MLflow, Airflow, AWS, Git, Machine Learning, Deep Learning, Kafka"
Business Analyst,"Business Analyst to drive data-driven decision making across the organisation. Must have strong SQL skills for querying databases. Excel for reporting and ad-hoc analysis. Tableau and Power BI for creating interactive dashboards. Strong communication and storytelling skills for presenting insights to stakeholders. Statistics and A/B testing experience required. Problem solving and teamwork are essential. Python knowledge is a plus.","SQL, Excel, Tableau, Power BI, Communication, Statistics, A/B Testing, Problem Solving, Storytelling, Teamwork"
Senior Business Analyst,"Senior BA with experience gathering requirements and translating them into data solutions. SQL required for complex queries. Excel and Power BI for reporting. Tableau for interactive visualizations. Strong communication and leadership skills. A/B testing and hypothesis testing to validate business decisions. Python for data automation. Storytelling to present data insights to executive stakeholders.","SQL, Excel, Tableau, Power BI, Communication, Leadership, A/B Testing, Hypothesis Testing, Python, Storytelling"
Business Intelligence Analyst,"BI Analyst responsible for building dashboards, reports, and KPI tracking systems. Strong SQL skills required for complex joins and aggregations. Experience with Tableau and Power BI for visualizations. Excel for ad-hoc analysis. Statistics knowledge required. Strong communication skills to explain data to non-technical stakeholders. Problem solving ability essential. Python for data processing and automation.","SQL, Tableau, Power BI, Excel, Statistics, Communication, Problem Solving, Python"
Data Analyst,"Data Analyst to extract meaningful insights from large datasets. Strong SQL skills required. Python with pandas and numpy for data wrangling. Matplotlib and seaborn for data visualization. Excel for reporting. Statistics and A/B testing experience. Tableau for business dashboards. Strong communication skills. Attention to detail and problem solving mindset.","SQL, Python, Pandas, NumPy, Matplotlib, Seaborn, Excel, Statistics, A/B Testing, Tableau, Communication, Problem Solving"
Junior Data Analyst,"Entry-level Data Analyst to support the analytics team with reporting and data tasks. SQL for querying data. Excel and Google Sheets for spreadsheet analysis. Python basics with pandas for data manipulation. Tableau or Power BI for creating simple dashboards. Basic statistics understanding. Strong communication and teamwork skills required. Eagerness to learn machine learning concepts.","SQL, Excel, Python, Pandas, Tableau, Statistics, Communication, Teamwork"
Data Analyst - Marketing,"Marketing Data Analyst to measure and optimise campaign performance. SQL for data extraction from marketing databases. Excel and Tableau for reporting. Python with pandas and matplotlib for advanced analysis. A/B testing expertise for campaign optimisation and hypothesis testing. Statistics knowledge required. Strong communication skills for presenting insights to marketing stakeholders. Power BI experience preferred.","SQL, Excel, Tableau, Python, Pandas, Matplotlib, A/B Testing, Hypothesis Testing, Statistics, Communication, Power BI"
